run_time,model_name,search_type,grid_version,param_classifier__max_depth,param_classifier__n_estimators,mean_train_score,mean_test_score,std_test_score,rank_test_score,best_params,notes
2026-03-09 03:44:16,RF_base,grid,v1_left,1,100,0.6401327097308147,0.49207547169811316,0.03882210158373338,8,"{""classifier__max_depth"": 2, ""classifier__n_estimators"": 100}",
2026-03-09 03:44:16,RF_base,grid,v1_left,1,250,0.6541020464263485,0.5094339622641509,0.044200907062177566,4,"{""classifier__max_depth"": 2, ""classifier__n_estimators"": 100}",
2026-03-09 03:44:16,RF_base,grid,v1_left,2,100,0.7099168424887718,0.5207547169811321,0.04400718411203999,1,"{""classifier__max_depth"": 2, ""classifier__n_estimators"": 100}",
2026-03-09 03:44:16,RF_base,grid,v1_left,2,250,0.7197162715065624,0.5154716981132076,0.036005616428306596,2,"{""classifier__max_depth"": 2, ""classifier__n_estimators"": 100}",
2026-03-09 03:44:16,RF_base,grid,v1_left,3,100,0.8035011609294624,0.510188679245283,0.038953925737551506,3,"{""classifier__max_depth"": 2, ""classifier__n_estimators"": 100}",
2026-03-09 03:44:16,RF_base,grid,v1_left,3,250,0.8132341803376159,0.5094339622641509,0.03863089476851238,4,"{""classifier__max_depth"": 2, ""classifier__n_estimators"": 100}",
2026-03-09 03:44:16,RF_base,grid,v1_left,5,100,0.9413969641252338,0.5071698113207547,0.014827836003312073,6,"{""classifier__max_depth"": 2, ""classifier__n_estimators"": 100}",
2026-03-09 03:44:16,RF_base,grid,v1_left,5,250,0.9561601455542844,0.5064150943396226,0.030320467059019866,7,"{""classifier__max_depth"": 2, ""classifier__n_estimators"": 100}",
2026-03-09 03:44:16,RF_pca,grid,v1_left,1,100,0.7,0.6167315676921469,0.5267924528301886,0.03225035565165508,6,"{""classifier__max_depth"": 1, ""classifier__n_estimators"": 100, ""reducer__n_components"": 0.85}",
2026-03-09 03:44:16,RF_pca,grid,v1_left,1,100,0.85,0.6489251500857715,0.5426415094339622,0.01625710130455699,1,"{""classifier__max_depth"": 1, ""classifier__n_estimators"": 100, ""reducer__n_components"": 0.85}",
2026-03-09 03:44:16,RF_pca,grid,v1_left,1,250,0.7,0.6166126441411023,0.5116981132075472,0.03568782012841324,12,"{""classifier__max_depth"": 1, ""classifier__n_estimators"": 100, ""reducer__n_components"": 0.85}",
2026-03-09 03:44:16,RF_pca,grid,v1_left,1,250,0.85,0.6583177540259622,0.5275471698113208,0.02518991587664699,4,"{""classifier__max_depth"": 1, ""classifier__n_estimators"": 100, ""reducer__n_components"": 0.85}",
2026-03-09 03:44:16,RF_pca,grid,v1_left,2,100,0.7,0.661433609450033,0.5071698113207547,0.02088807924995931,13,"{""classifier__max_depth"": 1, ""classifier__n_estimators"": 100, ""reducer__n_components"": 0.85}",
2026-03-09 03:44:16,RF_pca,grid,v1_left,2,100,0.85,0.7052545662252651,0.5298113207547169,0.02333528276790989,2,"{""classifier__max_depth"": 1, ""classifier__n_estimators"": 100, ""reducer__n_components"": 0.85}",
2026-03-09 03:44:16,RF_pca,grid,v1_left,2,250,0.7,0.6649894665649091,0.4981132075471698,0.04477704746925683,15,"{""classifier__max_depth"": 1, ""classifier__n_estimators"": 100, ""reducer__n_components"": 0.85}",
2026-03-09 03:44:16,RF_pca,grid,v1_left,2,250,0.85,0.7189651401974404,0.5222641509433963,0.023212915470535386,7,"{""classifier__max_depth"": 1, ""classifier__n_estimators"": 100, ""reducer__n_components"": 0.85}",
2026-03-09 03:44:16,RF_pca,grid,v1_left,3,100,0.7,0.724779649718496,0.5139622641509434,0.030507747820992803,11,"{""classifier__max_depth"": 1, ""classifier__n_estimators"": 100, ""reducer__n_components"": 0.85}",
2026-03-09 03:44:16,RF_pca,grid,v1_left,3,100,0.85,0.7630245545613195,0.5147169811320754,0.020053328687677615,10,"{""classifier__max_depth"": 1, ""classifier__n_estimators"": 100, ""reducer__n_components"": 0.85}",
2026-03-09 03:44:16,RF_pca,grid,v1_left,3,250,0.7,0.735347990561534,0.4996226415094339,0.03983590406157478,14,"{""classifier__max_depth"": 1, ""classifier__n_estimators"": 100, ""reducer__n_components"": 0.85}",
2026-03-09 03:44:16,RF_pca,grid,v1_left,3,250,0.85,0.7805576308704062,0.5169811320754716,0.014517270989940633,9,"{""classifier__max_depth"": 1, ""classifier__n_estimators"": 100, ""reducer__n_components"": 0.85}",
2026-03-09 03:44:16,RF_pca,grid,v1_left,5,100,0.7,0.8538655771872088,0.5222641509433962,0.024641249384625665,8,"{""classifier__max_depth"": 1, ""classifier__n_estimators"": 100, ""reducer__n_components"": 0.85}",
2026-03-09 03:44:16,RF_pca,grid,v1_left,5,100,0.85,0.8965762717199917,0.5275471698113208,0.026511951804151383,4,"{""classifier__max_depth"": 1, ""classifier__n_estimators"": 100, ""reducer__n_components"": 0.85}",
2026-03-09 03:44:16,RF_pca,grid,v1_left,5,250,0.7,0.8707265027730863,0.4935849056603773,0.026511951804151383,16,"{""classifier__max_depth"": 1, ""classifier__n_estimators"": 100, ""reducer__n_components"": 0.85}",
2026-03-09 03:44:16,RF_pca,grid,v1_left,5,250,0.85,0.9120212416935987,0.5290566037735849,0.03178783349230594,3,"{""classifier__max_depth"": 1, ""classifier__n_estimators"": 100, ""reducer__n_components"": 0.85}",
2026-03-09 03:44:16,RF_lasso,grid,v1_left,1,250,0.0001,0.6541020464263485,0.5094339622641509,0.044200907062177566,6,"{""classifier__max_depth"": 5, ""classifier__n_estimators"": 250, ""feature_selector__estimator__C"": 0.1}",
2026-03-09 03:44:16,RF_lasso,grid,v1_left,1,250,0.001,0.6541020464263485,0.5094339622641509,0.044200907062177566,6,"{""classifier__max_depth"": 5, ""classifier__n_estimators"": 250, ""feature_selector__estimator__C"": 0.1}",
2026-03-09 03:44:16,RF_lasso,grid,v1_left,1,250,0.01,0.6541020464263485,0.5094339622641509,0.044200907062177566,6,"{""classifier__max_depth"": 5, ""classifier__n_estimators"": 250, ""feature_selector__estimator__C"": 0.1}",
2026-03-09 03:44:16,RF_lasso,grid,v1_left,1,250,0.1,0.6253156646580529,0.5139622641509434,0.035431530850733584,5,"{""classifier__max_depth"": 5, ""classifier__n_estimators"": 250, ""feature_selector__estimator__C"": 0.1}",
2026-03-09 03:44:16,RF_lasso,grid,v1_left,2,250,0.0001,0.7197162715065624,0.5154716981132076,0.036005616428306596,2,"{""classifier__max_depth"": 5, ""classifier__n_estimators"": 250, ""feature_selector__estimator__C"": 0.1}",
2026-03-09 03:44:16,RF_lasso,grid,v1_left,2,250,0.001,0.7197162715065624,0.5154716981132076,0.036005616428306596,2,"{""classifier__max_depth"": 5, ""classifier__n_estimators"": 250, ""feature_selector__estimator__C"": 0.1}",
2026-03-09 03:44:16,RF_lasso,grid,v1_left,2,250,0.01,0.7197162715065624,0.5154716981132076,0.036005616428306596,2,"{""classifier__max_depth"": 5, ""classifier__n_estimators"": 250, ""feature_selector__estimator__C"": 0.1}",
2026-03-09 03:44:16,RF_lasso,grid,v1_left,2,250,0.1,0.6670962795129742,0.5033962264150944,0.0270647865313828,16,"{""classifier__max_depth"": 5, ""classifier__n_estimators"": 250, ""feature_selector__estimator__C"": 0.1}",
2026-03-09 03:44:16,RF_lasso,grid,v1_left,3,250,0.0001,0.8132341803376159,0.5094339622641509,0.03863089476851238,6,"{""classifier__max_depth"": 5, ""classifier__n_estimators"": 250, ""feature_selector__estimator__C"": 0.1}",
2026-03-09 03:44:16,RF_lasso,grid,v1_left,3,250,0.001,0.8132341803376159,0.5094339622641509,0.03863089476851238,6,"{""classifier__max_depth"": 5, ""classifier__n_estimators"": 250, ""feature_selector__estimator__C"": 0.1}",
2026-03-09 03:44:16,RF_lasso,grid,v1_left,3,250,0.01,0.8132341803376159,0.5094339622641509,0.03863089476851238,6,"{""classifier__max_depth"": 5, ""classifier__n_estimators"": 250, ""feature_selector__estimator__C"": 0.1}",
2026-03-09 03:44:16,RF_lasso,grid,v1_left,3,250,0.1,0.7376899834177875,0.5071698113207547,0.027688960494859072,12,"{""classifier__max_depth"": 5, ""classifier__n_estimators"": 250, ""feature_selector__estimator__C"": 0.1}",
2026-03-09 03:44:16,RF_lasso,grid,v1_left,5,250,0.0001,0.9561601455542844,0.5064150943396226,0.030320467059019866,13,"{""classifier__max_depth"": 5, ""classifier__n_estimators"": 250, ""feature_selector__estimator__C"": 0.1}",
2026-03-09 03:44:16,RF_lasso,grid,v1_left,5,250,0.001,0.9561601455542844,0.5064150943396226,0.030320467059019866,13,"{""classifier__max_depth"": 5, ""classifier__n_estimators"": 250, ""feature_selector__estimator__C"": 0.1}",
2026-03-09 03:44:16,RF_lasso,grid,v1_left,5,250,0.01,0.9561601455542844,0.5064150943396226,0.030320467059019866,13,"{""classifier__max_depth"": 5, ""classifier__n_estimators"": 250, ""feature_selector__estimator__C"": 0.1}",
2026-03-09 03:44:16,RF_lasso,grid,v1_left,5,250,0.1,0.8763068744326521,0.5207547169811321,0.02823892367376559,1,"{""classifier__max_depth"": 5, ""classifier__n_estimators"": 250, ""feature_selector__estimator__C"": 0.1}",
2026-03-09 03:44:16,RF_ridge,grid,v1_left,1,250,0.0001,0.6321584943049412,0.5154716981132076,0.03329320000017023,9,"{""classifier__max_depth"": 5, ""classifier__n_estimators"": 250, ""feature_selector__estimator__C"": 0.001}",
2026-03-09 03:44:16,RF_ridge,grid,v1_left,1,250,0.001,0.6301233652812964,0.5283018867924528,0.039935868846257966,2,"{""classifier__max_depth"": 5, ""classifier__n_estimators"": 250, ""feature_selector__estimator__C"": 0.001}",
2026-03-09 03:44:16,RF_ridge,grid,v1_left,1,250,0.01,0.6340225134432255,0.5124528301886793,0.056548400588465476,12,"{""classifier__max_depth"": 5, ""classifier__n_estimators"": 250, ""feature_selector__estimator__C"": 0.001}",
2026-03-09 03:44:16,RF_ridge,grid,v1_left,1,250,0.1,0.6381457395566079,0.5154716981132076,0.0525382770836441,9,"{""classifier__max_depth"": 5, ""classifier__n_estimators"": 250, ""feature_selector__estimator__C"": 0.001}",
2026-03-09 03:44:16,RF_ridge,grid,v1_left,2,250,0.0001,0.6814085403682668,0.5124528301886793,0.03975001987098472,12,"{""classifier__max_depth"": 5, ""classifier__n_estimators"": 250, ""feature_selector__estimator__C"": 0.001}",
2026-03-09 03:44:16,RF_ridge,grid,v1_left,2,250,0.001,0.6864251865575535,0.5177358490566037,0.033361563932528815,7,"{""classifier__max_depth"": 5, ""classifier__n_estimators"": 250, ""feature_selector__estimator__C"": 0.001}",
2026-03-09 03:44:16,RF_ridge,grid,v1_left,2,250,0.01,0.6860299222844272,0.5056603773584906,0.05468444055165825,15,"{""classifier__max_depth"": 5, ""classifier__n_estimators"": 250, ""feature_selector__estimator__C"": 0.001}",
2026-03-09 03:44:16,RF_ridge,grid,v1_left,2,250,0.1,0.6968194232579397,0.4996226415094339,0.04506867509987506,16,"{""classifier__max_depth"": 5, ""classifier__n_estimators"": 250, ""feature_selector__estimator__C"": 0.001}",
2026-03-09 03:44:16,RF_ridge,grid,v1_left,3,250,0.0001,0.7583481707532157,0.5132075471698113,0.038260503715129277,11,"{""classifier__max_depth"": 5, ""classifier__n_estimators"": 250, ""feature_selector__estimator__C"": 0.001}",
2026-03-09 03:44:16,RF_ridge,grid,v1_left,3,250,0.001,0.7525733864715126,0.519245283018868,0.024756557685821468,5,"{""classifier__max_depth"": 5, ""classifier__n_estimators"": 250, ""feature_selector__estimator__C"": 0.001}",
2026-03-09 03:44:16,RF_ridge,grid,v1_left,3,250,0.01,0.7648440974860526,0.5252830188679245,0.042047964610367146,4,"{""classifier__max_depth"": 5, ""classifier__n_estimators"": 250, ""feature_selector__estimator__C"": 0.001}",
2026-03-09 03:44:16,RF_ridge,grid,v1_left,3,250,0.1,0.7696620977579414,0.5124528301886793,0.037234404176736624,12,"{""classifier__max_depth"": 5, ""classifier__n_estimators"": 250, ""feature_selector__estimator__C"": 0.001}",
2026-03-09 03:44:16,RF_ridge,grid,v1_left,5,250,0.0001,0.905114690961226,0.5184905660377358,0.036005616428306596,6,"{""classifier__max_depth"": 5, ""classifier__n_estimators"": 250, ""feature_selector__estimator__C"": 0.001}",
2026-03-09 03:44:16,RF_ridge,grid,v1_left,5,250,0.001,0.9056602370155751,0.5313207547169811,0.011295569469506234,1,"{""classifier__max_depth"": 5, ""classifier__n_estimators"": 250, ""feature_selector__estimator__C"": 0.001}",
2026-03-09 03:44:16,RF_ridge,grid,v1_left,5,250,0.01,0.9173088406447063,0.5177358490566037,0.029171544286924804,7,"{""classifier__max_depth"": 5, ""classifier__n_estimators"": 250, ""feature_selector__estimator__C"": 0.001}",
2026-03-09 03:44:16,RF_ridge,grid,v1_left,5,250,0.1,0.9264143189240805,0.5260377358490567,0.02345701172516234,3,"{""classifier__max_depth"": 5, ""classifier__n_estimators"": 250, ""feature_selector__estimator__C"": 0.001}",
2026-03-09 03:44:16,RF_stepwise_prefilter,grid,v1_left,1,250,0.0001,0.6541020464263485,0.5094339622641509,0.044200907062177566,6,"{""classifier__max_depth"": 5, ""classifier__n_estimators"": 250, ""feature_selector__estimator__C"": 0.1}",
2026-03-09 03:44:16,RF_stepwise_prefilter,grid,v1_left,1,250,0.001,0.6541020464263485,0.5094339622641509,0.044200907062177566,6,"{""classifier__max_depth"": 5, ""classifier__n_estimators"": 250, ""feature_selector__estimator__C"": 0.1}",
2026-03-09 03:44:16,RF_stepwise_prefilter,grid,v1_left,1,250,0.01,0.6541020464263485,0.5094339622641509,0.044200907062177566,6,"{""classifier__max_depth"": 5, ""classifier__n_estimators"": 250, ""feature_selector__estimator__C"": 0.1}",
2026-03-09 03:44:16,RF_stepwise_prefilter,grid,v1_left,1,250,0.1,0.6253156646580529,0.5139622641509434,0.035431530850733584,5,"{""classifier__max_depth"": 5, ""classifier__n_estimators"": 250, ""feature_selector__estimator__C"": 0.1}",
2026-03-09 03:44:16,RF_stepwise_prefilter,grid,v1_left,2,250,0.0001,0.7197162715065624,0.5154716981132076,0.036005616428306596,2,"{""classifier__max_depth"": 5, ""classifier__n_estimators"": 250, ""feature_selector__estimator__C"": 0.1}",
2026-03-09 03:44:16,RF_stepwise_prefilter,grid,v1_left,2,250,0.001,0.7197162715065624,0.5154716981132076,0.036005616428306596,2,"{""classifier__max_depth"": 5, ""classifier__n_estimators"": 250, ""feature_selector__estimator__C"": 0.1}",
2026-03-09 03:44:16,RF_stepwise_prefilter,grid,v1_left,2,250,0.01,0.7197162715065624,0.5154716981132076,0.036005616428306596,2,"{""classifier__max_depth"": 5, ""classifier__n_estimators"": 250, ""feature_selector__estimator__C"": 0.1}",
2026-03-09 03:44:16,RF_stepwise_prefilter,grid,v1_left,2,250,0.1,0.6670962795129742,0.5033962264150944,0.0270647865313828,16,"{""classifier__max_depth"": 5, ""classifier__n_estimators"": 250, ""feature_selector__estimator__C"": 0.1}",
2026-03-09 03:44:16,RF_stepwise_prefilter,grid,v1_left,3,250,0.0001,0.8132341803376159,0.5094339622641509,0.03863089476851238,6,"{""classifier__max_depth"": 5, ""classifier__n_estimators"": 250, ""feature_selector__estimator__C"": 0.1}",
2026-03-09 03:44:16,RF_stepwise_prefilter,grid,v1_left,3,250,0.001,0.8132341803376159,0.5094339622641509,0.03863089476851238,6,"{""classifier__max_depth"": 5, ""classifier__n_estimators"": 250, ""feature_selector__estimator__C"": 0.1}",
2026-03-09 03:44:16,RF_stepwise_prefilter,grid,v1_left,3,250,0.01,0.8132341803376159,0.5094339622641509,0.03863089476851238,6,"{""classifier__max_depth"": 5, ""classifier__n_estimators"": 250, ""feature_selector__estimator__C"": 0.1}",
2026-03-09 03:44:16,RF_stepwise_prefilter,grid,v1_left,3,250,0.1,0.7376899834177875,0.5071698113207547,0.027688960494859072,12,"{""classifier__max_depth"": 5, ""classifier__n_estimators"": 250, ""feature_selector__estimator__C"": 0.1}",
2026-03-09 03:44:16,RF_stepwise_prefilter,grid,v1_left,5,250,0.0001,0.9561601455542844,0.5064150943396226,0.030320467059019866,13,"{""classifier__max_depth"": 5, ""classifier__n_estimators"": 250, ""feature_selector__estimator__C"": 0.1}",
2026-03-09 03:44:16,RF_stepwise_prefilter,grid,v1_left,5,250,0.001,0.9561601455542844,0.5064150943396226,0.030320467059019866,13,"{""classifier__max_depth"": 5, ""classifier__n_estimators"": 250, ""feature_selector__estimator__C"": 0.1}",
2026-03-09 03:44:16,RF_stepwise_prefilter,grid,v1_left,5,250,0.01,0.9561601455542844,0.5064150943396226,0.030320467059019866,13,"{""classifier__max_depth"": 5, ""classifier__n_estimators"": 250, ""feature_selector__estimator__C"": 0.1}",
2026-03-09 03:44:16,RF_stepwise_prefilter,grid,v1_left,5,250,0.1,0.8763068744326521,0.5207547169811321,0.02823892367376559,1,"{""classifier__max_depth"": 5, ""classifier__n_estimators"": 250, ""feature_selector__estimator__C"": 0.1}",
2026-03-09 03:57:59,RF_base,grid,v1_right,3,500,0.8872275135216408,0.48905660377358495,0.01730919991121466,8,"{""classifier__max_depth"": 5, ""classifier__n_estimators"": 500}",
2026-03-09 03:57:59,RF_base,grid,v1_right,3,750,0.8862961005047685,0.49207547169811316,0.0338025595117867,7,"{""classifier__max_depth"": 5, ""classifier__n_estimators"": 500}",
2026-03-09 03:57:59,RF_base,grid,v1_right,5,500,0.9818956899010267,0.5109433962264152,0.023457011725162336,1,"{""classifier__max_depth"": 5, ""classifier__n_estimators"": 500}",
2026-03-09 03:57:59,RF_base,grid,v1_right,5,750,0.9839531203527866,0.5064150943396226,0.027148838865818783,2,"{""classifier__max_depth"": 5, ""classifier__n_estimators"": 500}",
2026-03-09 03:57:59,RF_base,grid,v1_right,10,500,1.0,0.49962264150943403,0.027169811320754713,5,"{""classifier__max_depth"": 5, ""classifier__n_estimators"": 500}",
2026-03-09 03:57:59,RF_base,grid,v1_right,10,750,1.0,0.5033962264150944,0.02829937095736252,3,"{""classifier__max_depth"": 5, ""classifier__n_estimators"": 500}",
2026-03-09 03:57:59,RF_base,grid,v1_right,20,500,1.0,0.500377358490566,0.03251420260911398,4,"{""classifier__max_depth"": 5, ""classifier__n_estimators"": 500}",
2026-03-09 03:57:59,RF_base,grid,v1_right,20,750,1.0,0.49433962264150944,0.04262647923454471,6,"{""classifier__max_depth"": 5, ""classifier__n_estimators"": 500}",
2026-03-09 03:57:59,RF_pca,grid,v1_right,3,500,0.9,0.8383873293942106,0.4935849056603773,0.0258593836966216,16,"{""classifier__max_depth"": 20, ""classifier__n_estimators"": 750, ""reducer__n_components"": 0.99}",
2026-03-09 03:57:59,RF_pca,grid,v1_right,3,500,0.99,0.9226504190748607,0.500377358490566,0.019033238057235453,13,"{""classifier__max_depth"": 20, ""classifier__n_estimators"": 750, ""reducer__n_components"": 0.99}",
2026-03-09 03:57:59,RF_pca,grid,v1_right,3,750,0.9,0.8423059894978205,0.49735849056603776,0.02926901045987217,14,"{""classifier__max_depth"": 20, ""classifier__n_estimators"": 750, ""reducer__n_components"": 0.99}",
2026-03-09 03:57:59,RF_pca,grid,v1_right,3,750,0.99,0.9256344130608319,0.5033962264150943,0.01795528642018161,11,"{""classifier__max_depth"": 20, ""classifier__n_estimators"": 750, ""reducer__n_components"": 0.99}",
2026-03-09 03:57:59,RF_pca,grid,v1_right,5,500,0.9,0.953339552318712,0.4950943396226415,0.027771123762979768,15,"{""classifier__max_depth"": 20, ""classifier__n_estimators"": 750, ""reducer__n_components"": 0.99}",
2026-03-09 03:57:59,RF_pca,grid,v1_right,5,500,0.99,0.9889118738067714,0.5177358490566037,0.021266419326196783,5,"{""classifier__max_depth"": 20, ""classifier__n_estimators"": 750, ""reducer__n_components"": 0.99}",
2026-03-09 03:57:59,RF_pca,grid,v1_right,5,750,0.9,0.9584054911743973,0.5003773584905661,0.029385543145557406,12,"{""classifier__max_depth"": 20, ""classifier__n_estimators"": 750, ""reducer__n_components"": 0.99}",
2026-03-09 03:57:59,RF_pca,grid,v1_right,5,750,0.99,0.9903419591528595,0.5071698113207547,0.032073251865472864,7,"{""classifier__max_depth"": 20, ""classifier__n_estimators"": 750, ""reducer__n_components"": 0.99}",
2026-03-09 03:57:59,RF_pca,grid,v1_right,10,500,0.9,1.0,0.5116981132075471,0.03207325186547287,6,"{""classifier__max_depth"": 20, ""classifier__n_estimators"": 750, ""reducer__n_components"": 0.99}",
2026-03-09 03:57:59,RF_pca,grid,v1_right,10,500,0.99,1.0,0.5252830188679245,0.03142741556778416,4,"{""classifier__max_depth"": 20, ""classifier__n_estimators"": 750, ""reducer__n_components"": 0.99}",
2026-03-09 03:57:59,RF_pca,grid,v1_right,10,750,0.9,1.0,0.5071698113207547,0.03663293916833689,7,"{""classifier__max_depth"": 20, ""classifier__n_estimators"": 750, ""reducer__n_components"": 0.99}",
2026-03-09 03:57:59,RF_pca,grid,v1_right,10,750,0.99,1.0,0.5260377358490567,0.022464718590395793,3,"{""classifier__max_depth"": 20, ""classifier__n_estimators"": 750, ""reducer__n_components"": 0.99}",
2026-03-09 03:57:59,RF_pca,grid,v1_right,20,500,0.9,1.0,0.5056603773584906,0.023505526796071596,10,"{""classifier__max_depth"": 20, ""classifier__n_estimators"": 750, ""reducer__n_components"": 0.99}",
2026-03-09 03:57:59,RF_pca,grid,v1_right,20,500,0.99,1.0,0.5290566037735849,0.016431351741190366,2,"{""classifier__max_depth"": 20, ""classifier__n_estimators"": 750, ""reducer__n_components"": 0.99}",
2026-03-09 03:57:59,RF_pca,grid,v1_right,20,750,0.9,1.0,0.5064150943396226,0.01776392799387142,9,"{""classifier__max_depth"": 20, ""classifier__n_estimators"": 750, ""reducer__n_components"": 0.99}",
2026-03-09 03:57:59,RF_pca,grid,v1_right,20,750,0.99,1.0,0.5343396226415095,0.02405641879322147,1,"{""classifier__max_depth"": 20, ""classifier__n_estimators"": 750, ""reducer__n_components"": 0.99}",
2026-03-09 03:57:59,RF_lasso,grid,v1_right,3,750,0.01,0.8862961005047685,0.49207547169811316,0.0338025595117867,11,"{""classifier__max_depth"": 5, ""classifier__n_estimators"": 750, ""feature_selector__estimator__C"": 0.01}",
2026-03-09 03:57:59,RF_lasso,grid,v1_right,3,750,0.1,0.7966442182747762,0.47622641509433955,0.028479943040170874,14,"{""classifier__max_depth"": 5, ""classifier__n_estimators"": 750, ""feature_selector__estimator__C"": 0.01}",
2026-03-09 03:57:59,RF_lasso,grid,v1_right,3,750,1.0,0.8586706765573577,0.47622641509433966,0.027565256404150446,13,"{""classifier__max_depth"": 5, ""classifier__n_estimators"": 750, ""feature_selector__estimator__C"": 0.01}",
2026-03-09 03:57:59,RF_lasso,grid,v1_right,3,750,10.0,0.8572016677921965,0.48,0.030786532912258312,12,"{""classifier__max_depth"": 5, ""classifier__n_estimators"": 750, ""feature_selector__estimator__C"": 0.01}",
2026-03-09 03:57:59,RF_lasso,grid,v1_right,5,750,0.01,0.9839531203527866,0.5064150943396226,0.027148838865818783,1,"{""classifier__max_depth"": 5, ""classifier__n_estimators"": 750, ""feature_selector__estimator__C"": 0.01}",
2026-03-09 03:57:59,RF_lasso,grid,v1_right,5,750,0.1,0.9266014749607283,0.47547169811320755,0.026144163133115125,16,"{""classifier__max_depth"": 5, ""classifier__n_estimators"": 750, ""feature_selector__estimator__C"": 0.01}",
2026-03-09 03:57:59,RF_lasso,grid,v1_right,5,750,1.0,0.9708544993925818,0.4754716981132076,0.02238852373462841,15,"{""classifier__max_depth"": 5, ""classifier__n_estimators"": 750, ""feature_selector__estimator__C"": 0.01}",
2026-03-09 03:57:59,RF_lasso,grid,v1_right,5,750,10.0,0.9664850582615092,0.4928301886792452,0.024985577897731086,10,"{""classifier__max_depth"": 5, ""classifier__n_estimators"": 750, ""feature_selector__estimator__C"": 0.01}",
2026-03-09 03:57:59,RF_lasso,grid,v1_right,10,750,0.01,1.0,0.5033962264150944,0.02829937095736252,3,"{""classifier__max_depth"": 5, ""classifier__n_estimators"": 750, ""feature_selector__estimator__C"": 0.01}",
2026-03-09 03:57:59,RF_lasso,grid,v1_right,10,750,0.1,1.0,0.49433962264150944,0.03943351087581322,7,"{""classifier__max_depth"": 5, ""classifier__n_estimators"": 750, ""feature_selector__estimator__C"": 0.01}",
2026-03-09 03:57:59,RF_lasso,grid,v1_right,10,750,1.0,1.0,0.5026415094339624,0.03888074527514341,4,"{""classifier__max_depth"": 5, ""classifier__n_estimators"": 750, ""feature_selector__estimator__C"": 0.01}",
2026-03-09 03:57:59,RF_lasso,grid,v1_right,10,750,10.0,1.0,0.5026415094339624,0.027148838865818786,4,"{""classifier__max_depth"": 5, ""classifier__n_estimators"": 750, ""feature_selector__estimator__C"": 0.01}",
2026-03-09 03:57:59,RF_lasso,grid,v1_right,20,750,0.01,1.0,0.49433962264150944,0.04262647923454471,7,"{""classifier__max_depth"": 5, ""classifier__n_estimators"": 750, ""feature_selector__estimator__C"": 0.01}",
2026-03-09 03:57:59,RF_lasso,grid,v1_right,20,750,0.1,1.0,0.4935849056603773,0.03946238932045696,9,"{""classifier__max_depth"": 5, ""classifier__n_estimators"": 750, ""feature_selector__estimator__C"": 0.01}",
2026-03-09 03:57:59,RF_lasso,grid,v1_right,20,750,1.0,1.0,0.5026415094339622,0.039606465700835994,6,"{""classifier__max_depth"": 5, ""classifier__n_estimators"": 750, ""feature_selector__estimator__C"": 0.01}",
2026-03-09 03:57:59,RF_lasso,grid,v1_right,20,750,10.0,1.0,0.5041509433962263,0.036084628189832206,2,"{""classifier__max_depth"": 5, ""classifier__n_estimators"": 750, ""feature_selector__estimator__C"": 0.01}",
2026-03-09 03:57:59,RF_ridge,grid,v1_right,3,750,0.01,0.8566629742978213,0.4860377358490566,0.028975628408230134,12,"{""classifier__max_depth"": 10, ""classifier__n_estimators"": 750, ""feature_selector__estimator__C"": 0.1}",
2026-03-09 03:57:59,RF_ridge,grid,v1_right,3,750,0.1,0.8506863370564677,0.48226415094339625,0.023188364521867493,13,"{""classifier__max_depth"": 10, ""classifier__n_estimators"": 750, ""feature_selector__estimator__C"": 0.1}",
2026-03-09 03:57:59,RF_ridge,grid,v1_right,3,750,1.0,0.8524509851153551,0.4784905660377358,0.03267148803307677,15,"{""classifier__max_depth"": 10, ""classifier__n_estimators"": 750, ""feature_selector__estimator__C"": 0.1}",
2026-03-09 03:57:59,RF_ridge,grid,v1_right,3,750,10.0,0.8524509851153551,0.4784905660377358,0.03267148803307677,15,"{""classifier__max_depth"": 10, ""classifier__n_estimators"": 750, ""feature_selector__estimator__C"": 0.1}",
2026-03-09 03:57:59,RF_ridge,grid,v1_right,5,750,0.01,0.9681062128804443,0.4800000000000001,0.01808173366145047,14,"{""classifier__max_depth"": 10, ""classifier__n_estimators"": 750, ""feature_selector__estimator__C"": 0.1}",
2026-03-09 03:57:59,RF_ridge,grid,v1_right,5,750,0.1,0.9636489286628871,0.4867924528301886,0.02883769535780045,11,"{""classifier__max_depth"": 10, ""classifier__n_estimators"": 750, ""feature_selector__estimator__C"": 0.1}",
2026-03-09 03:57:59,RF_ridge,grid,v1_right,5,750,1.0,0.9657387896047928,0.4943396226415094,0.023139184478122098,8,"{""classifier__max_depth"": 10, ""classifier__n_estimators"": 750, ""feature_selector__estimator__C"": 0.1}",
2026-03-09 03:57:59,RF_ridge,grid,v1_right,5,750,10.0,0.9657387896047928,0.4943396226415094,0.023139184478122098,8,"{""classifier__max_depth"": 10, ""classifier__n_estimators"": 750, ""feature_selector__estimator__C"": 0.1}",
2026-03-09 03:57:59,RF_ridge,grid,v1_right,10,750,0.01,1.0,0.48830188679245284,0.032775925661295786,10,"{""classifier__max_depth"": 10, ""classifier__n_estimators"": 750, ""feature_selector__estimator__C"": 0.1}",
2026-03-09 03:57:59,RF_ridge,grid,v1_right,10,750,0.1,1.0,0.5086792452830189,0.031245647614316144,1,"{""classifier__max_depth"": 10, ""classifier__n_estimators"": 750, ""feature_selector__estimator__C"": 0.1}",
2026-03-09 03:57:59,RF_ridge,grid,v1_right,10,750,1.0,1.0,0.4988679245283019,0.026725933901321917,6,"{""classifier__max_depth"": 10, ""classifier__n_estimators"": 750, ""feature_selector__estimator__C"": 0.1}",
2026-03-09 03:57:59,RF_ridge,grid,v1_right,10,750,10.0,1.0,0.4988679245283019,0.026725933901321917,6,"{""classifier__max_depth"": 10, ""classifier__n_estimators"": 750, ""feature_selector__estimator__C"": 0.1}",
2026-03-09 03:57:59,RF_ridge,grid,v1_right,20,750,0.01,1.0,0.5041509433962263,0.035124758575758766,5,"{""classifier__max_depth"": 10, ""classifier__n_estimators"": 750, ""feature_selector__estimator__C"": 0.1}",
2026-03-09 03:57:59,RF_ridge,grid,v1_right,20,750,0.1,1.0,0.5064150943396226,0.03535105940718601,4,"{""classifier__max_depth"": 10, ""classifier__n_estimators"": 750, ""feature_selector__estimator__C"": 0.1}",
2026-03-09 03:57:59,RF_ridge,grid,v1_right,20,750,1.0,1.0,0.5086792452830189,0.03551181994269762,1,"{""classifier__max_depth"": 10, ""classifier__n_estimators"": 750, ""feature_selector__estimator__C"": 0.1}",
2026-03-09 03:57:59,RF_ridge,grid,v1_right,20,750,10.0,1.0,0.5086792452830189,0.03551181994269762,1,"{""classifier__max_depth"": 10, ""classifier__n_estimators"": 750, ""feature_selector__estimator__C"": 0.1}",
2026-03-09 03:57:59,RF_stepwise_prefilter,grid,v1_right,3,750,0.01,0.8580975067556433,0.49584905660377354,0.03216192566439625,6,"{""classifier__max_depth"": 20, ""classifier__n_estimators"": 750, ""feature_selector__estimator__C"": 0.01}",
2026-03-09 03:57:59,RF_stepwise_prefilter,grid,v1_right,3,750,0.1,0.7966442182747762,0.47622641509433955,0.028479943040170874,14,"{""classifier__max_depth"": 20, ""classifier__n_estimators"": 750, ""feature_selector__estimator__C"": 0.01}",
2026-03-09 03:57:59,RF_stepwise_prefilter,grid,v1_right,3,750,1.0,0.8586706765573577,0.47622641509433966,0.027565256404150446,13,"{""classifier__max_depth"": 20, ""classifier__n_estimators"": 750, ""feature_selector__estimator__C"": 0.01}",
2026-03-09 03:57:59,RF_stepwise_prefilter,grid,v1_right,3,750,10.0,0.8572016677921965,0.48,0.030786532912258312,12,"{""classifier__max_depth"": 20, ""classifier__n_estimators"": 750, ""feature_selector__estimator__C"": 0.01}",
2026-03-09 03:57:59,RF_stepwise_prefilter,grid,v1_right,5,750,0.01,0.9700682928862623,0.4935849056603773,0.02936615314466976,8,"{""classifier__max_depth"": 20, ""classifier__n_estimators"": 750, ""feature_selector__estimator__C"": 0.01}",
2026-03-09 03:57:59,RF_stepwise_prefilter,grid,v1_right,5,750,0.1,0.9266014749607283,0.47547169811320755,0.026144163133115125,16,"{""classifier__max_depth"": 20, ""classifier__n_estimators"": 750, ""feature_selector__estimator__C"": 0.01}",
2026-03-09 03:57:59,RF_stepwise_prefilter,grid,v1_right,5,750,1.0,0.9708544993925818,0.4754716981132076,0.02238852373462841,15,"{""classifier__max_depth"": 20, ""classifier__n_estimators"": 750, ""feature_selector__estimator__C"": 0.01}",
2026-03-09 03:57:59,RF_stepwise_prefilter,grid,v1_right,5,750,10.0,0.9664850582615092,0.4928301886792452,0.024985577897731086,10,"{""classifier__max_depth"": 20, ""classifier__n_estimators"": 750, ""feature_selector__estimator__C"": 0.01}",
2026-03-09 03:57:59,RF_stepwise_prefilter,grid,v1_right,10,750,0.01,1.0,0.49207547169811316,0.03793156791888018,11,"{""classifier__max_depth"": 20, ""classifier__n_estimators"": 750, ""feature_selector__estimator__C"": 0.01}",
2026-03-09 03:57:59,RF_stepwise_prefilter,grid,v1_right,10,750,0.1,1.0,0.49433962264150944,0.03943351087581322,7,"{""classifier__max_depth"": 20, ""classifier__n_estimators"": 750, ""feature_selector__estimator__C"": 0.01}",
2026-03-09 03:57:59,RF_stepwise_prefilter,grid,v1_right,10,750,1.0,1.0,0.5026415094339624,0.03888074527514341,3,"{""classifier__max_depth"": 20, ""classifier__n_estimators"": 750, ""feature_selector__estimator__C"": 0.01}",
2026-03-09 03:57:59,RF_stepwise_prefilter,grid,v1_right,10,750,10.0,1.0,0.5026415094339624,0.027148838865818786,3,"{""classifier__max_depth"": 20, ""classifier__n_estimators"": 750, ""feature_selector__estimator__C"": 0.01}",
2026-03-09 03:57:59,RF_stepwise_prefilter,grid,v1_right,20,750,0.01,1.0,0.5132075471698114,0.03507607558829358,1,"{""classifier__max_depth"": 20, ""classifier__n_estimators"": 750, ""feature_selector__estimator__C"": 0.01}",
2026-03-09 03:57:59,RF_stepwise_prefilter,grid,v1_right,20,750,0.1,1.0,0.4935849056603773,0.03946238932045696,8,"{""classifier__max_depth"": 20, ""classifier__n_estimators"": 750, ""feature_selector__estimator__C"": 0.01}",
2026-03-09 03:57:59,RF_stepwise_prefilter,grid,v1_right,20,750,1.0,1.0,0.5026415094339622,0.039606465700835994,5,"{""classifier__max_depth"": 20, ""classifier__n_estimators"": 750, ""feature_selector__estimator__C"": 0.01}",
2026-03-09 03:57:59,RF_stepwise_prefilter,grid,v1_right,20,750,10.0,1.0,0.5041509433962263,0.036084628189832206,2,"{""classifier__max_depth"": 20, ""classifier__n_estimators"": 750, ""feature_selector__estimator__C"": 0.01}",
2026-03-09 10:55:24,RF_base,grid,v1_center,2,250,0.7241279922627323,0.5230456484884309,0.03499692347497166,5,"{""classifier__max_depth"": 2, ""classifier__n_estimators"": 250}",
2026-03-09 10:55:24,RF_base,grid,v1_center,2,500,0.7267269913392719,0.5282330501553985,0.03338535487003267,2,"{""classifier__max_depth"": 2, ""classifier__n_estimators"": 250}",
2026-03-09 10:55:24,RF_base,grid,v1_center,3,250,0.8204111701756602,0.521139042327189,0.04547035413217421,6,"{""classifier__max_depth"": 2, ""classifier__n_estimators"": 250}",
2026-03-09 10:55:24,RF_base,grid,v1_center,3,500,0.8232861623939275,0.5155056463110795,0.032503162289815084,8,"{""classifier__max_depth"": 2, ""classifier__n_estimators"": 250}",
2026-03-09 10:55:24,RF_base,grid,v1_center,5,250,0.9544993773250697,0.5309813856901906,0.025403713780726752,1,"{""classifier__max_depth"": 2, ""classifier__n_estimators"": 250}",
2026-03-09 10:55:24,RF_base,grid,v1_center,5,500,0.9613105290498541,0.5278251074667079,0.029954919794934018,3,"{""classifier__max_depth"": 2, ""classifier__n_estimators"": 250}",
2026-03-09 10:55:24,RF_base,grid,v1_center,10,250,1.0,0.5255476765490474,0.03591370600447775,4,"{""classifier__max_depth"": 2, ""classifier__n_estimators"": 250}",
2026-03-09 10:55:24,RF_base,grid,v1_center,10,500,1.0,0.5171483012594711,0.025637982411385964,7,"{""classifier__max_depth"": 2, ""classifier__n_estimators"": 250}",
2026-03-09 10:55:24,RF_pca,grid,v1_center,2,250,0.8,0.6855802938263535,0.5065450755315251,0.038150295869339435,8,"{""classifier__max_depth"": 2, ""classifier__n_estimators"": 250, ""reducer__n_components"": 0.8}",
2026-03-09 10:55:24,RF_pca,grid,v1_center,2,250,0.95,0.8006973009485725,0.5091496335594797,0.017229050514614305,5,"{""classifier__max_depth"": 2, ""classifier__n_estimators"": 250, ""reducer__n_components"": 0.8}",
2026-03-09 10:55:24,RF_pca,grid,v1_center,2,500,0.8,0.6976141365108027,0.5067651871255681,0.037043661909152176,7,"{""classifier__max_depth"": 2, ""classifier__n_estimators"": 250, ""reducer__n_components"": 0.8}",
2026-03-09 10:55:24,RF_pca,grid,v1_center,2,500,0.95,0.7950812328996899,0.5041283464980034,0.024380225852183548,10,"{""classifier__max_depth"": 2, ""classifier__n_estimators"": 250, ""reducer__n_components"": 0.8}",
2026-03-09 10:55:24,RF_pca,grid,v1_center,3,250,0.8,0.7521201470549977,0.4997670707699241,0.03561130295605689,13,"{""classifier__max_depth"": 2, ""classifier__n_estimators"": 250, ""reducer__n_components"": 0.8}",
2026-03-09 10:55:24,RF_pca,grid,v1_center,3,250,0.95,0.8630592547758275,0.5031950363161737,0.031122385154611826,11,"{""classifier__max_depth"": 2, ""classifier__n_estimators"": 250, ""reducer__n_components"": 0.8}",
2026-03-09 10:55:24,RF_pca,grid,v1_center,3,500,0.8,0.7517565001357619,0.5051422714548901,0.03187147293238925,9,"{""classifier__max_depth"": 2, ""classifier__n_estimators"": 250, ""reducer__n_components"": 0.8}",
2026-03-09 10:55:24,RF_pca,grid,v1_center,3,500,0.95,0.8689421003769857,0.5136226577966776,0.035825047229031334,2,"{""classifier__max_depth"": 2, ""classifier__n_estimators"": 250, ""reducer__n_components"": 0.8}",
2026-03-09 10:55:24,RF_pca,grid,v1_center,5,250,0.8,0.8790324390391631,0.5218619073250609,0.02260653703988438,1,"{""classifier__max_depth"": 2, ""classifier__n_estimators"": 250, ""reducer__n_components"": 0.8}",
2026-03-09 10:55:24,RF_pca,grid,v1_center,5,250,0.95,0.962027615713702,0.5087150332687601,0.03536763457829533,6,"{""classifier__max_depth"": 2, ""classifier__n_estimators"": 250, ""reducer__n_components"": 0.8}",
2026-03-09 10:55:24,RF_pca,grid,v1_center,5,500,0.8,0.8778819338837096,0.500781541173836,0.02860183924554245,12,"{""classifier__max_depth"": 2, ""classifier__n_estimators"": 250, ""reducer__n_components"": 0.8}",
2026-03-09 10:55:24,RF_pca,grid,v1_center,5,500,0.95,0.9666602849685167,0.4931924368129307,0.01894837595130214,14,"{""classifier__max_depth"": 2, ""classifier__n_estimators"": 250, ""reducer__n_components"": 0.8}",
2026-03-09 10:55:24,RF_pca,grid,v1_center,10,250,0.8,0.9986573932255209,0.5134143267335961,0.030716909277870394,3,"{""classifier__max_depth"": 2, ""classifier__n_estimators"": 250, ""reducer__n_components"": 0.8}",
2026-03-09 10:55:24,RF_pca,grid,v1_center,10,250,0.95,1.0,0.4904223645233328,0.028088475608400398,16,"{""classifier__max_depth"": 2, ""classifier__n_estimators"": 250, ""reducer__n_components"": 0.8}",
2026-03-09 10:55:24,RF_pca,grid,v1_center,10,500,0.8,0.9993417903886416,0.5126277977639438,0.020409091726838722,4,"{""classifier__max_depth"": 2, ""classifier__n_estimators"": 250, ""reducer__n_components"": 0.8}",
2026-03-09 10:55:24,RF_pca,grid,v1_center,10,500,0.95,1.0,0.49064769470803216,0.02715174005596196,15,"{""classifier__max_depth"": 2, ""classifier__n_estimators"": 250, ""reducer__n_components"": 0.8}",
2026-03-09 10:55:24,RF_lasso,grid,v1_center,2,500,0.001,0.7267269913392719,0.5282330501553985,0.03338535487003267,3,"{""classifier__max_depth"": 2, ""classifier__n_estimators"": 500, ""feature_selector__estimator__C"": 0.001}",
2026-03-09 10:55:24,RF_lasso,grid,v1_center,2,500,0.01,0.7267269913392719,0.5282330501553985,0.03338535487003267,3,"{""classifier__max_depth"": 2, ""classifier__n_estimators"": 500, ""feature_selector__estimator__C"": 0.001}",
2026-03-09 10:55:24,RF_lasso,grid,v1_center,2,500,0.1,0.6758142899629119,0.5269867428400964,0.024254170982686722,8,"{""classifier__max_depth"": 2, ""classifier__n_estimators"": 500, ""feature_selector__estimator__C"": 0.001}",
2026-03-09 10:55:24,RF_lasso,grid,v1_center,2,500,1.0,0.6950941186538765,0.5319974888712756,0.02230406952622597,1,"{""classifier__max_depth"": 2, ""classifier__n_estimators"": 500, ""feature_selector__estimator__C"": 0.001}",
2026-03-09 10:55:24,RF_lasso,grid,v1_center,3,500,0.001,0.8232861623939275,0.5155056463110795,0.032503162289815084,14,"{""classifier__max_depth"": 2, ""classifier__n_estimators"": 500, ""feature_selector__estimator__C"": 0.001}",
2026-03-09 10:55:24,RF_lasso,grid,v1_center,3,500,0.01,0.8232861623939275,0.5155056463110795,0.032503162289815084,14,"{""classifier__max_depth"": 2, ""classifier__n_estimators"": 500, ""feature_selector__estimator__C"": 0.001}",
2026-03-09 10:55:24,RF_lasso,grid,v1_center,3,500,0.1,0.7385867799679535,0.5240559361409053,0.02233401577574624,9,"{""classifier__max_depth"": 2, ""classifier__n_estimators"": 500, ""feature_selector__estimator__C"": 0.001}",
2026-03-09 10:55:24,RF_lasso,grid,v1_center,3,500,1.0,0.77892154674945,0.5173475703618557,0.028241012277565074,10,"{""classifier__max_depth"": 2, ""classifier__n_estimators"": 500, ""feature_selector__estimator__C"": 0.001}",
2026-03-09 10:55:24,RF_lasso,grid,v1_center,5,500,0.001,0.9613105290498541,0.5278251074667079,0.029954919794934018,6,"{""classifier__max_depth"": 2, ""classifier__n_estimators"": 500, ""feature_selector__estimator__C"": 0.001}",
2026-03-09 10:55:24,RF_lasso,grid,v1_center,5,500,0.01,0.9613105290498541,0.5278251074667079,0.029954919794934018,6,"{""classifier__max_depth"": 2, ""classifier__n_estimators"": 500, ""feature_selector__estimator__C"": 0.001}",
2026-03-09 10:55:24,RF_lasso,grid,v1_center,5,500,0.1,0.8973014364632915,0.5313924196925808,0.022351352717754288,2,"{""classifier__max_depth"": 2, ""classifier__n_estimators"": 500, ""feature_selector__estimator__C"": 0.001}",
2026-03-09 10:55:24,RF_lasso,grid,v1_center,5,500,1.0,0.9318554341219233,0.5282125800317671,0.023987363826603568,5,"{""classifier__max_depth"": 2, ""classifier__n_estimators"": 500, ""feature_selector__estimator__C"": 0.001}",
2026-03-09 10:55:24,RF_lasso,grid,v1_center,10,500,0.001,1.0,0.5171483012594711,0.025637982411385964,12,"{""classifier__max_depth"": 2, ""classifier__n_estimators"": 500, ""feature_selector__estimator__C"": 0.001}",
2026-03-09 10:55:24,RF_lasso,grid,v1_center,10,500,0.01,1.0,0.5171483012594711,0.025637982411385964,12,"{""classifier__max_depth"": 2, ""classifier__n_estimators"": 500, ""feature_selector__estimator__C"": 0.001}",
2026-03-09 10:55:24,RF_lasso,grid,v1_center,10,500,0.1,1.0,0.5173402491023509,0.017010189019177505,11,"{""classifier__max_depth"": 2, ""classifier__n_estimators"": 500, ""feature_selector__estimator__C"": 0.001}",
2026-03-09 10:55:24,RF_lasso,grid,v1_center,10,500,1.0,1.0,0.5138278369019711,0.017900447586179088,16,"{""classifier__max_depth"": 2, ""classifier__n_estimators"": 500, ""feature_selector__estimator__C"": 0.001}",
2026-03-09 10:55:24,RF_ridge,grid,v1_center,2,500,0.001,0.6856193813577598,0.5295636510697304,0.030886964245966136,3,"{""classifier__max_depth"": 2, ""classifier__n_estimators"": 500, ""feature_selector__estimator__C"": 0.001}",
2026-03-09 10:55:24,RF_ridge,grid,v1_center,2,500,0.01,0.6991113044949165,0.5248630122763883,0.036644939929691395,7,"{""classifier__max_depth"": 2, ""classifier__n_estimators"": 500, ""feature_selector__estimator__C"": 0.001}",
2026-03-09 10:55:24,RF_ridge,grid,v1_center,2,500,0.1,0.7018781036692706,0.5203887230754938,0.0217590036769014,12,"{""classifier__max_depth"": 2, ""classifier__n_estimators"": 500, ""feature_selector__estimator__C"": 0.001}",
2026-03-09 10:55:24,RF_ridge,grid,v1_center,2,500,1.0,0.700610964209962,0.5207016891838223,0.02802990178851658,11,"{""classifier__max_depth"": 2, ""classifier__n_estimators"": 500, ""feature_selector__estimator__C"": 0.001}",
2026-03-09 10:55:24,RF_ridge,grid,v1_center,3,500,0.001,0.7668838841507565,0.521905973518543,0.02351139525718289,10,"{""classifier__max_depth"": 2, ""classifier__n_estimators"": 500, ""feature_selector__estimator__C"": 0.001}",
2026-03-09 10:55:24,RF_ridge,grid,v1_center,3,500,0.01,0.777169970153279,0.5296964668716797,0.026810636871170395,2,"{""classifier__max_depth"": 2, ""classifier__n_estimators"": 500, ""feature_selector__estimator__C"": 0.001}",
2026-03-09 10:55:24,RF_ridge,grid,v1_center,3,500,0.1,0.7866123239346657,0.5248826242041869,0.020365054277364982,6,"{""classifier__max_depth"": 2, ""classifier__n_estimators"": 500, ""feature_selector__estimator__C"": 0.001}",
2026-03-09 10:55:24,RF_ridge,grid,v1_center,3,500,1.0,0.7810286018369827,0.5168793733080258,0.034056099676419524,14,"{""classifier__max_depth"": 2, ""classifier__n_estimators"": 500, ""feature_selector__estimator__C"": 0.001}",
2026-03-09 10:55:24,RF_ridge,grid,v1_center,5,500,0.001,0.9293984033249127,0.5196013875463452,0.022385112643841916,13,"{""classifier__max_depth"": 2, ""classifier__n_estimators"": 500, ""feature_selector__estimator__C"": 0.001}",
2026-03-09 10:55:24,RF_ridge,grid,v1_center,5,500,0.01,0.9319104558627934,0.525533662160076,0.026331792238527035,5,"{""classifier__max_depth"": 2, ""classifier__n_estimators"": 500, ""feature_selector__estimator__C"": 0.001}",
2026-03-09 10:55:24,RF_ridge,grid,v1_center,5,500,0.1,0.9347179802725958,0.5223104241235973,0.02586649173906688,8,"{""classifier__max_depth"": 2, ""classifier__n_estimators"": 500, ""feature_selector__estimator__C"": 0.001}",
2026-03-09 10:55:24,RF_ridge,grid,v1_center,5,500,1.0,0.9332597716988023,0.5392917993596338,0.03393356140046897,1,"{""classifier__max_depth"": 2, ""classifier__n_estimators"": 500, ""feature_selector__estimator__C"": 0.001}",
2026-03-09 10:55:24,RF_ridge,grid,v1_center,10,500,0.001,1.0,0.5276453910816963,0.011892938850542028,4,"{""classifier__max_depth"": 2, ""classifier__n_estimators"": 500, ""feature_selector__estimator__C"": 0.001}",
2026-03-09 10:55:24,RF_ridge,grid,v1_center,10,500,0.01,1.0,0.5220813629803513,0.016931482106861625,9,"{""classifier__max_depth"": 2, ""classifier__n_estimators"": 500, ""feature_selector__estimator__C"": 0.001}",
2026-03-09 10:55:24,RF_ridge,grid,v1_center,10,500,0.1,1.0,0.5160938346647406,0.012323103398733793,15,"{""classifier__max_depth"": 2, ""classifier__n_estimators"": 500, ""feature_selector__estimator__C"": 0.001}",
2026-03-09 10:55:24,RF_ridge,grid,v1_center,10,500,1.0,1.0,0.5125320499449979,0.013215810363609819,16,"{""classifier__max_depth"": 2, ""classifier__n_estimators"": 500, ""feature_selector__estimator__C"": 0.001}",
2026-03-09 10:56:43,RF_base,grid,v1_right,3,500,0.8232861623939275,0.5155056463110795,0.032503162289815084,7,"{""classifier__max_depth"": 3, ""classifier__n_estimators"": 500}",
2026-03-09 10:56:43,RF_base,grid,v1_right,3,750,0.8253498216620281,0.5208539526683091,0.024428981700047443,4,"{""classifier__max_depth"": 3, ""classifier__n_estimators"": 500}",
2026-03-09 10:56:43,RF_base,grid,v1_right,5,500,0.9613105290498541,0.5278251074667079,0.029954919794934018,3,"{""classifier__max_depth"": 3, ""classifier__n_estimators"": 500}",
2026-03-09 10:56:43,RF_base,grid,v1_right,5,750,0.9622602275039343,0.5306366623371115,0.02310391933411146,1,"{""classifier__max_depth"": 3, ""classifier__n_estimators"": 500}",
2026-03-09 10:56:43,RF_base,grid,v1_right,10,500,1.0,0.5171483012594711,0.025637982411385964,6,"{""classifier__max_depth"": 3, ""classifier__n_estimators"": 500}",
2026-03-09 10:56:43,RF_base,grid,v1_right,10,750,1.0,0.528642488080011,0.031081264857573867,2,"{""classifier__max_depth"": 3, ""classifier__n_estimators"": 500}",
2026-03-09 10:56:43,RF_base,grid,v1_right,20,500,1.0,0.5090138235935269,0.02539614511120276,8,"{""classifier__max_depth"": 3, ""classifier__n_estimators"": 500}",
2026-03-09 10:56:43,RF_base,grid,v1_right,20,750,1.0,0.5178280567449212,0.0212712693184646,5,"{""classifier__max_depth"": 3, ""classifier__n_estimators"": 500}",
2026-03-09 10:56:43,RF_pca,grid,v1_right,3,500,0.9,0.8292272504465069,0.5061791214743885,0.028596573716087908,9,"{""classifier__max_depth"": 3, ""classifier__n_estimators"": 500, ""reducer__n_components"": 0.9}",
2026-03-09 10:56:43,RF_pca,grid,v1_right,3,500,0.99,0.9189988524802034,0.5183343984544453,0.023537340985445725,1,"{""classifier__max_depth"": 3, ""classifier__n_estimators"": 500, ""reducer__n_components"": 0.9}",
2026-03-09 10:56:43,RF_pca,grid,v1_right,3,750,0.9,0.8295974697337757,0.5096755956890732,0.029942749307161128,5,"{""classifier__max_depth"": 3, ""classifier__n_estimators"": 500, ""reducer__n_components"": 0.9}",
2026-03-09 10:56:43,RF_pca,grid,v1_right,3,750,0.99,0.9253584589388154,0.5054873413081189,0.028710306126375623,10,"{""classifier__max_depth"": 3, ""classifier__n_estimators"": 500, ""reducer__n_components"": 0.9}",
2026-03-09 10:56:43,RF_pca,grid,v1_right,5,500,0.9,0.9446553775524562,0.5048301465198166,0.009679400850131935,12,"{""classifier__max_depth"": 3, ""classifier__n_estimators"": 500, ""reducer__n_components"": 0.9}",
2026-03-09 10:56:43,RF_pca,grid,v1_right,5,500,0.99,0.9903788636240147,0.5117212286727162,0.025883559292413955,4,"{""classifier__max_depth"": 3, ""classifier__n_estimators"": 500, ""reducer__n_components"": 0.9}",
2026-03-09 10:56:43,RF_pca,grid,v1_right,5,750,0.9,0.9460190341277537,0.5023800938098555,0.019732243261401352,13,"{""classifier__max_depth"": 3, ""classifier__n_estimators"": 500, ""reducer__n_components"": 0.9}",
2026-03-09 10:56:43,RF_pca,grid,v1_right,5,750,0.99,0.992145007239122,0.5094572957348512,0.026262085190334503,6,"{""classifier__max_depth"": 3, ""classifier__n_estimators"": 500, ""reducer__n_components"": 0.9}",
2026-03-09 10:56:43,RF_pca,grid,v1_right,10,500,0.9,0.9996666666666666,0.5151124726537937,0.013846240751506152,3,"{""classifier__max_depth"": 3, ""classifier__n_estimators"": 500, ""reducer__n_components"": 0.9}",
2026-03-09 10:56:43,RF_pca,grid,v1_right,10,500,0.99,1.0,0.5012160331713517,0.015302033720551483,16,"{""classifier__max_depth"": 3, ""classifier__n_estimators"": 500, ""reducer__n_components"": 0.9}",
2026-03-09 10:56:43,RF_pca,grid,v1_right,10,750,0.9,0.9998333333333334,0.5052271761931667,0.026557170896955196,11,"{""classifier__max_depth"": 3, ""classifier__n_estimators"": 500, ""reducer__n_components"": 0.9}",
2026-03-09 10:56:43,RF_pca,grid,v1_right,10,750,0.99,1.0,0.5018382669096947,0.01446021418802727,14,"{""classifier__max_depth"": 3, ""classifier__n_estimators"": 500, ""reducer__n_components"": 0.9}",
2026-03-09 10:56:43,RF_pca,grid,v1_right,20,500,0.9,1.0,0.5175254121638099,0.029213299264494723,2,"{""classifier__max_depth"": 3, ""classifier__n_estimators"": 500, ""reducer__n_components"": 0.9}",
2026-03-09 10:56:43,RF_pca,grid,v1_right,20,500,0.99,1.0,0.5089263574625555,0.011604499733641591,8,"{""classifier__max_depth"": 3, ""classifier__n_estimators"": 500, ""reducer__n_components"": 0.9}",
2026-03-09 10:56:43,RF_pca,grid,v1_right,20,750,0.9,1.0,0.5013181417146573,0.021521243584042875,15,"{""classifier__max_depth"": 3, ""classifier__n_estimators"": 500, ""reducer__n_components"": 0.9}",
2026-03-09 10:56:43,RF_pca,grid,v1_right,20,750,0.99,1.0,0.5093498884264364,0.015898061265102622,7,"{""classifier__max_depth"": 3, ""classifier__n_estimators"": 500, ""reducer__n_components"": 0.9}",
2026-03-09 10:56:43,RF_lasso,grid,v1_right,3,750,0.01,0.8253498216620281,0.5208539526683091,0.024428981700047443,10,"{""classifier__max_depth"": 5, ""classifier__n_estimators"": 750, ""feature_selector__estimator__C"": 0.01}",
2026-03-09 10:56:43,RF_lasso,grid,v1_right,3,750,0.1,0.7424505567931778,0.5178577913029807,0.01853952806726491,12,"{""classifier__max_depth"": 5, ""classifier__n_estimators"": 750, ""feature_selector__estimator__C"": 0.01}",
2026-03-09 10:56:43,RF_lasso,grid,v1_right,3,750,1.0,0.7802277025667964,0.5233041801365103,0.02763134117248365,8,"{""classifier__max_depth"": 5, ""classifier__n_estimators"": 750, ""feature_selector__estimator__C"": 0.01}",
2026-03-09 10:56:43,RF_lasso,grid,v1_right,3,750,10.0,0.7865089252288696,0.5265005402150951,0.02167362747544672,6,"{""classifier__max_depth"": 5, ""classifier__n_estimators"": 750, ""feature_selector__estimator__C"": 0.01}",
2026-03-09 10:56:43,RF_lasso,grid,v1_right,5,750,0.01,0.9622602275039343,0.5306366623371115,0.02310391933411146,3,"{""classifier__max_depth"": 5, ""classifier__n_estimators"": 750, ""feature_selector__estimator__C"": 0.01}",
2026-03-09 10:56:43,RF_lasso,grid,v1_right,5,750,0.1,0.8986411179367317,0.5297685867681142,0.02437027916832485,4,"{""classifier__max_depth"": 5, ""classifier__n_estimators"": 750, ""feature_selector__estimator__C"": 0.01}",
2026-03-09 10:56:43,RF_lasso,grid,v1_right,5,750,1.0,0.934018515733559,0.5322730457395722,0.023068246551487214,2,"{""classifier__max_depth"": 5, ""classifier__n_estimators"": 750, ""feature_selector__estimator__C"": 0.01}",
2026-03-09 10:56:43,RF_lasso,grid,v1_right,5,750,10.0,0.9344463620314647,0.5412687025120234,0.01980722336040727,1,"{""classifier__max_depth"": 5, ""classifier__n_estimators"": 750, ""feature_selector__estimator__C"": 0.01}",
2026-03-09 10:56:43,RF_lasso,grid,v1_right,10,750,0.01,1.0,0.528642488080011,0.031081264857573867,5,"{""classifier__max_depth"": 5, ""classifier__n_estimators"": 750, ""feature_selector__estimator__C"": 0.01}",
2026-03-09 10:56:43,RF_lasso,grid,v1_right,10,750,0.1,1.0,0.5160661013282845,0.010202753236415962,15,"{""classifier__max_depth"": 5, ""classifier__n_estimators"": 750, ""feature_selector__estimator__C"": 0.01}",
2026-03-09 10:56:43,RF_lasso,grid,v1_right,10,750,1.0,1.0,0.5201237745013927,0.014707469190171914,11,"{""classifier__max_depth"": 5, ""classifier__n_estimators"": 750, ""feature_selector__estimator__C"": 0.01}",
2026-03-09 10:56:43,RF_lasso,grid,v1_right,10,750,10.0,1.0,0.5224763391784152,0.012741492475488978,9,"{""classifier__max_depth"": 5, ""classifier__n_estimators"": 750, ""feature_selector__estimator__C"": 0.01}",
2026-03-09 10:56:43,RF_lasso,grid,v1_right,20,750,0.01,1.0,0.5178280567449212,0.0212712693184646,13,"{""classifier__max_depth"": 5, ""classifier__n_estimators"": 750, ""feature_selector__estimator__C"": 0.01}",
2026-03-09 10:56:43,RF_lasso,grid,v1_right,20,750,0.1,1.0,0.5120420072150779,0.008061751115643266,16,"{""classifier__max_depth"": 5, ""classifier__n_estimators"": 750, ""feature_selector__estimator__C"": 0.01}",
2026-03-09 10:56:43,RF_lasso,grid,v1_right,20,750,1.0,1.0,0.517696839895437,0.007813705380596458,14,"{""classifier__max_depth"": 5, ""classifier__n_estimators"": 750, ""feature_selector__estimator__C"": 0.01}",
2026-03-09 10:56:43,RF_lasso,grid,v1_right,20,750,10.0,1.0,0.5262080522253706,0.016529333196249416,7,"{""classifier__max_depth"": 5, ""classifier__n_estimators"": 750, ""feature_selector__estimator__C"": 0.01}",
